id1;id2;boundary
1;3;1
2;3;0.70710678
3;7;0.57735027
4;1;1
5;2;0.70710678
5;3;0.57735027
5;4;1
5;6;0.70710678
6;1;0.57735027
6;2;1
6;4;0.70710678
7;1;0.57735027
8;9;1
9;10;0.70710678
10;1;0.57735027